-- ============================================================
-- SEED: NY / LA / SF 테스트 유저, 게시글, 댓글, 좋아요
-- profiles.id → auth.users FK 우회: session_replication_role
-- ============================================================

SET session_replication_role = replica;

-- ── Clean up ───────────────────────────────────────────────
DELETE FROM comments
WHERE
    user_id IN (
        '11111111-1111-1111-1111-111111111111',
        '22222222-2222-2222-2222-222222222222',
        '33333333-3333-3333-3333-333333333333',
        '44444444-4444-4444-4444-444444444444',
        '55555555-5555-5555-5555-555555555555',
        '66666666-6666-6666-6666-666666666666',
        '77777777-7777-7777-7777-777777777777',
        '88888888-8888-8888-8888-888888888888',
        '99999999-9999-9999-9999-999999999999'
    );

DELETE FROM post_likes
WHERE
    user_id IN (
        '11111111-1111-1111-1111-111111111111',
        '22222222-2222-2222-2222-222222222222',
        '33333333-3333-3333-3333-333333333333',
        '44444444-4444-4444-4444-444444444444',
        '55555555-5555-5555-5555-555555555555',
        '66666666-6666-6666-6666-666666666666',
        '77777777-7777-7777-7777-777777777777',
        '88888888-8888-8888-8888-888888888888',
        '99999999-9999-9999-9999-999999999999'
    );

DELETE FROM posts
WHERE
    user_id IN (
        '11111111-1111-1111-1111-111111111111',
        '22222222-2222-2222-2222-222222222222',
        '33333333-3333-3333-3333-333333333333',
        '44444444-4444-4444-4444-444444444444',
        '55555555-5555-5555-5555-555555555555',
        '66666666-6666-6666-6666-666666666666',
        '77777777-7777-7777-7777-777777777777',
        '88888888-8888-8888-8888-888888888888',
        '99999999-9999-9999-9999-999999999999'
    );

DELETE FROM profiles
WHERE
    id IN (
        '11111111-1111-1111-1111-111111111111',
        '22222222-2222-2222-2222-222222222222',
        '33333333-3333-3333-3333-333333333333',
        '44444444-4444-4444-4444-444444444444',
        '55555555-5555-5555-5555-555555555555',
        '66666666-6666-6666-6666-666666666666',
        '77777777-7777-7777-7777-777777777777',
        '88888888-8888-8888-8888-888888888888',
        '99999999-9999-9999-9999-999999999999'
    );

-- ── Profiles ───────────────────────────────────────────────
-- NY (region_id = 1) - 10 users (F7, M3)
INSERT INTO profiles (id, nickname, handle, location_id) VALUES
('11111111-1111-1111-1111-111111111111','지수','@jisu_nyc',1),
('22222222-2222-2222-2222-222222222222','소영','@soyoung_ny',1),
('33333333-3333-3333-3333-333333333333','민지','@minji_brooklyn',1),
('44444444-4444-4444-4444-444444444444','하은','@haeun_queens',1),
('55555555-5555-5555-5555-555555555555','유진','@yujin_manhattan',1),
('66666666-6666-6666-6666-666666666666','수아','@sua_nyc',1),
('77777777-7777-7777-7777-777777777777','예린','@yerin_ny',1),
('88888888-8888-8888-8888-888888888888','준호','@junho_nyc',1),
('99999999-9999-9999-9999-999999999999','태훈','@taehoon_ny',1),
('aaaaaaaa-1111-1111-1111-111111111111','성민','@sungmin_nyc',1);

-- SF (region_id = 3) - 10 users (M7, F3)
INSERT INTO profiles (id, nickname, handle, location_id) VALUES
('bbbbbbbb-2222-2222-2222-222222222222','진우','@jinwoo_sf',3),
('cccccccc-3333-3333-3333-333333333333','현우','@hyunwoo_sf',3),
('dddddddd-4444-4444-4444-444444444444','도윤','@doyoon_sf',3),
('eeeeeeee-5555-5555-5555-555555555555','시우','@siwoo_sf',3),
('ffffffff-6666-6666-6666-666666666666','민석','@minseok_sf',3),
('12121212-7777-7777-7777-777777777777','지훈','@jihoon_sf',3),
('13131313-8888-8888-8888-888888888888','우진','@woojin_sf',3),
('14141414-9999-9999-9999-999999999999','서연','@seoyeon_sf',3),
('15151515-aaaa-aaaa-aaaa-aaaaaaaaaaaa','지아','@jia_sf',3),
('16161616-bbbb-bbbb-bbbb-bbbbbbbbbbbb','하린','@harin_sf',3);

-- ── Posts ──────────────────────────────────────────────────
INSERT INTO posts (id, user_id, title, content, category, region_id, like_count, comment_count) VALUES
('p1','11111111-1111-1111-1111-111111111111','뉴욕 3박4일 여행 루트 추천 부탁드려요','처음 뉴욕 가는데 타임스퀘어 말고 꼭 가봐야 할 곳 있을까요?','travel',1,4,3),
('p2','22222222-2222-2222-2222-222222222222','맨해튼 월세 요즘 어느정도인가요?','스튜디오 기준 요즘 가격 궁금해요.','general',1,3,2),
('p3','33333333-3333-3333-3333-333333333333','브루클린 카페 추천','조용하게 작업하기 좋은 카페 있을까요?','restaurant',1,5,2),
('p4','bbbbbbbb-2222-2222-2222-222222222222','SF 엔지니어 연봉 어느정도인가요?','이직 고민 중인데 평균 연봉 궁금합니다.','jobs',3,6,3),
('p5','cccccccc-3333-3333-3333-333333333333','샌프란시스코 날씨 적응 힘드네요','여름인데 왜 이렇게 춥죠 ㅠ','general',3,4,2),
('p6','dddddddd-4444-4444-4444-444444444444','SF에서 한국 음식 어디가 괜찮아요?','한식 땡기는데 추천 부탁드립니다.','restaurant',3,5,3),
('p7','44444444-4444-4444-4444-444444444444','퀸즈 살기 어떤가요?','맨해튼 너무 비싸서 고민 중입니다.','realestate',1,2,2),
('p8','55555555-5555-5555-5555-555555555555','뉴욕 헬스장 추천','가격 괜찮고 시설 좋은 곳 있을까요?','general',1,3,2),
('p9','eeeeeeee-5555-5555-5555-555555555555','SF 스타트업 vs 대기업 고민','커리어적으로 어디가 더 좋을까요?','jobs',3,6,3),
('p10','ffffffff-6666-6666-6666-666666666666','샌프란시스코 주말 뭐하세요?','혼자 할만한거 추천해주세요','general',3,4,2);

-- ── Comments ───────────────────────────────────────────────
INSERT INTO comments (id, post_id, user_id, content) VALUES
(gen_random_uuid(),'p1','88888888-8888-8888-8888-888888888888','센트럴파크는 무조건 가세요!'),
(gen_random_uuid(),'p1','99999999-9999-9999-9999-999999999999','브루클린 브리지 야경 추천드립니다'),
(gen_random_uuid(),'p1','55555555-5555-5555-5555-555555555555','소호도 좋아요 쇼핑하기!'),

(gen_random_uuid(),'p2','88888888-8888-8888-8888-888888888888','요즘 2500불 이상은 생각하셔야 해요'),
(gen_random_uuid(),'p2','99999999-9999-9999-9999-999999999999','위치에 따라 3천도 넘어요'),

(gen_random_uuid(),'p3','11111111-1111-1111-1111-111111111111','Devoción 추천해요'),
(gen_random_uuid(),'p3','22222222-2222-2222-2222-222222222222','% Arabica도 괜찮아요'),

(gen_random_uuid(),'p4','cccccccc-3333-3333-3333-333333333333','요즘 시니어 기준 150k 이상인듯'),
(gen_random_uuid(),'p4','dddddddd-4444-4444-4444-444444444444','회사마다 차이 커요'),
(gen_random_uuid(),'p4','eeeeeeee-5555-5555-5555-555555555555','스타트업은 equity도 봐야죠'),

(gen_random_uuid(),'p5','bbbbbbbb-2222-2222-2222-222222222222','여름에도 후드 필수입니다'),
(gen_random_uuid(),'p5','dddddddd-4444-4444-4444-444444444444','마이크로클라이밋 때문이에요'),

(gen_random_uuid(),'p6','bbbbbbbb-2222-2222-2222-222222222222','Daeho 유명해요'),
(gen_random_uuid(),'p6','cccccccc-3333-3333-3333-333333333333','부자집도 괜찮아요'),
(gen_random_uuid(),'p6','eeeeeeee-5555-5555-5555-555555555555','순두부집 추천'),

(gen_random_uuid(),'p7','11111111-1111-1111-1111-111111111111','렌트 저렴해서 좋아요'),
(gen_random_uuid(),'p7','22222222-2222-2222-2222-222222222222','출퇴근만 괜찮으면 살기 좋아요'),

(gen_random_uuid(),'p8','33333333-3333-3333-3333-333333333333','Blink 싸고 괜찮아요'),
(gen_random_uuid(),'p8','44444444-4444-4444-4444-444444444444','Equinox는 비싸지만 좋죠'),

(gen_random_uuid(),'p9','bbbbbbbb-2222-2222-2222-222222222222','초반엔 스타트업 추천'),
(gen_random_uuid(),'p9','cccccccc-3333-3333-3333-333333333333','안정성은 대기업이죠'),
(gen_random_uuid(),'p9','dddddddd-4444-4444-4444-444444444444','본인 성향에 따라 다름'),

(gen_random_uuid(),'p10','bbbbbbbb-2222-2222-2222-222222222222','골든게이트 브리지 산책 추천'),
(gen_random_uuid(),'p10','cccccccc-3333-3333-3333-333333333333','미션에서 브런치 드세요');

-- ── Likes ─────────────────────────────────────────────────
INSERT INTO post_likes (post_id, user_id) VALUES
('p1','22222222-2222-2222-2222-222222222222'),
('p1','33333333-3333-3333-3333-333333333333'),
('p2','11111111-1111-1111-1111-111111111111'),
('p3','22222222-2222-2222-2222-222222222222'),
('p4','bbbbbbbb-2222-2222-2222-222222222222'),
('p5','cccccccc-3333-3333-3333-333333333333'),
('p6','dddddddd-4444-4444-4444-444444444444'),
('p7','55555555-5555-5555-5555-555555555555'),
('p8','66666666-6666-6666-6666-666666666666'),
('p9','eeeeeeee-5555-5555-5555-555555555555'),
('p10','ffffffff-6666-6666-6666-666666666666');

-- ── Restore FK enforcement ─────────────────────────────────
SET session_replication_role = DEFAULT;